N-gram,Frequency,Relative Frequency
"('ugh', 'ugh', 'ugh', 'ugh', 'ugh')",15,7.529629090471003e-05
"('in', 'the', 'direction', 'of', 'the')",10,5.019752726980669e-05
"('in', 'the', 'vicinity', 'of', 'the')",9,4.517777454282602e-05
"('on', 'the', 'part', 'of', 'the')",9,4.517777454282602e-05
"('o', 'clock', 'in', 'the', 'morning')",8,4.015802181584535e-05
"('at', 'the', 'head', 'of', 'the')",7,3.5138269088864683e-05
"('with', 'the', 'exception', 'of', 'the')",6,3.0118516361884012e-05
"('in', 'the', 'bottom', 'of', 'the')",6,3.0118516361884012e-05
"('the', 'bottom', 'of', 'the', 'boat')",6,3.0118516361884012e-05
"('There', 'can', 'be', 'no', 'doubt')",5,2.5098763634903344e-05
"('Madame', 'L', 'Espanaye', 'and', 'her')",5,2.5098763634903344e-05
"('L', 'Espanaye', 'and', 'her', 'daughter')",5,2.5098763634903344e-05
"('into', 'the', 'middle', 'of', 'the')",5,2.5098763634903344e-05
"('three', 'o', 'clock', 'in', 'the')",5,2.5098763634903344e-05
"('voice', 'was', 'that', 'of', 'a')",5,2.5098763634903344e-05
"('of', 'the', 'Barrière', 'du', 'Roule')",5,2.5098763634903344e-05
"('in', 'the', 'Rue', 'des', 'Drômes')",5,2.5098763634903344e-05
"('folly', 'to', 'suppose', 'that', 'the')",5,2.5098763634903344e-05
"('to', 'suppose', 'that', 'the', 'murder')",5,2.5098763634903344e-05
"('thrown', 'into', 'the', 'water', 'immediately')",5,2.5098763634903344e-05
"('into', 'the', 'water', 'immediately', 'after')",5,2.5098763634903344e-05
"('the', 'water', 'immediately', 'after', 'death')",5,2.5098763634903344e-05
"('water', 'immediately', 'after', 'death', 'by')",5,2.5098763634903344e-05
"('immediately', 'after', 'death', 'by', 'violence')",5,2.5098763634903344e-05
"('the', 'actions', 'of', 'the', 'man')",5,2.5098763634903344e-05
